{"cba": {"f1_score": [0.59437, 0.61536, 0.59865, 0.61175, 0.61216, 0.64804, 0.60086, 0.61312, 0.55826, 0.60171], "accuracy": [0.61589, 0.63636, 0.61875, 0.63399, 0.63226, 0.67832, 0.62179, 0.62667, 0.58741, 0.62179], "support": [151, 154, 160, 153, 155, 143, 156, 150, 143, 156]}, "cn2": {"f1_score": [0.59522, 0.62001, 0.61415, 0.61435, 0.61505, 0.62136, 0.60122, 0.65466, 0.59183, 0.60447], "accuracy": [0.63576, 0.66234, 0.65625, 0.66013, 0.65806, 0.67832, 0.64744, 0.68667, 0.63636, 0.64744], "support": [151, 154, 160, 153, 155, 143, 156, 150, 143, 156]}, "ids": {"f1_score": [0.59345, 0.61859, 0.59855, 0.59723, 0.62482, 0.60793, 0.58749, 0.64095, 0.58241, 0.61538], "accuracy": [0.65563, 0.67532, 0.6625, 0.66667, 0.68387, 0.67832, 0.65385, 0.69333, 0.64336, 0.67308], "support": [151, 154, 160, 153, 155, 143, 156, 150, 143, 156]}, "ripper": {"f1_score": [0.64046, 0.67816, 0.66296, 0.65854, 0.66599, 0.67154, 0.64556, 0.69926, 0.62335, 0.66667], "accuracy": [0.66887, 0.70779, 0.69375, 0.69281, 0.69677, 0.70629, 0.67949, 0.72, 0.65734, 0.69872], "support": [151, 154, 160, 153, 155, 143, 156, 150, 143, 156]}, "todos": {"f1_score": [0.61699, 0.64211, 0.62809, 0.63618, 0.64526, 0.65697, 0.6172, 0.6589, 0.58524, 0.64287], "accuracy": [0.65563, 0.68182, 0.66875, 0.67974, 0.68387, 0.71329, 0.66026, 0.69333, 0.62937, 0.67949], "support": [151, 154, 160, 153, 155, 143, 156, 150, 143, 156]}, "2em2": {"f1_score": [0.61883, 0.6386, 0.63684, 0.61821, 0.64746, 0.65943, 0.62644, 0.66106, 0.59009, 0.64471], "accuracy": [0.66225, 0.68182, 0.68125, 0.66667, 0.69032, 0.72028, 0.67308, 0.7, 0.64336, 0.6859], "support": [151, 154, 160, 153, 155, 143, 156, 150, 143, 156]}, "manuais": {"f1_score": [0.5616, 0.59268, 0.59128, 0.58149, 0.57496, 0.56765, 0.57748, 0.61358, 0.55572, 0.58938], "accuracy": [0.64901, 0.67532, 0.675, 0.66667, 0.67097, 0.67133, 0.66667, 0.69333, 0.64336, 0.67308], "support": [151, 154, 160, 153, 155, 143, 156, 150, 143, 156]}}